{
    "mapSize": [
        [
            -2.5,
            2.5
        ],
        [
            -2.5,
            2.5
        ],
        [
            0.0,
            5.0
        ]
    ],
    "posStart": [
        -2.0,
        -2.0,
        1.0
    ],
    "posGoal": [
        1.0,
        0.0,
        4.0
    ],
    "listObstacles": [
        [
            1,
            [
                1.0,
                1.0,
                2.0
            ],
            [
                2.0,
                1.0,
                2.0
            ],
            [
                0.6755931944762341,
                1.0,
                0.5807431143663692,
                1.0
            ]
        ],
        [
            2,
            [
                -1.0,
                0.0,
                2.0
            ],
            [
                1.0,
                1.0,
                4.0
            ],
            [
                1,
                0,
                0,
                1
            ]
        ]
    ]
}